Category,
Books,
Books / National Literature,
Books / National Literature / Science Fiction,
Books / National Literature / Fiction Fantastic,
Books / Foreign Literature,
Books / Computers,
Books / Computers / Applications,
Books / Computers / Database,
Books / Computers / Programming,
Games,
Games / XBOX 360,
Games / XBOX 360 / Console,
Games / XBOX 360 / Games,
Games / XBOX 360 / Accessories,
Games / XBOX One,
Games / XBOX One / Console,
Games / XBOX One / Games,
Games / XBOX One / Accessories,
Games / Playstation 4,
Computers,
Computers / Notebooks,
Computers / Tablets,
Computers / Desktop,